{"name": "FishTest", "seed": 22846, "result": ["aggr", "sin", "mul", "sub", "mul", "pow2", "e4", -0.22528307304256098, "sour", "add", "sub", -2.0348689643878015, "v1", "v1", "mul", "e3", "e1"], "reward": 0.6842669162597914, "equation": "aggr(sin(((((e4**2)*-0.2253)-sour(((-2.0349-v1)+v1)))*(e3*e1))))", "time": 71977.0486934185, "R2": 0.5632283265313337, "complexity": 17, "RMSE": 0.817834345641297, "MAE": 0.5905003197182692, "MAPE": 138.78625169672867, "sMAPE": 0.89052246614414, "wMAPE": 0.6060729474272613, "ACC2": 0.012118, "ACC3": 0.00122, "ACC4": 0.000122}
